{"cameraMode":{"drawMode":0,"name":"Shaded","section":"Shading Mode"},"sceneLighting":false,"audioPlay":false,"sceneViewState":{"m_AlwaysRefresh":false,"showFog":true,"showSkybox":false,"showFlares":true,"showImageEffects":true,"showParticleSystems":true,"showVisualEffectGraphs":true,"m_FxEnabled":true},"in2DMode":false,"pivot":{"x":0.39730000495910647,"y":0.8897223472595215,"z":0.36265379190444949},"rotation":{"x":0.2812087833881378,"y":0.004883426241576672,"z":-0.0014732454437762499,"w":0.9598028659820557},"size":0.1865675002336502,"orthographic":false}